{"__type__":"cc.SpriteAtlas","_spriteFrames":{"Slect Sever Board":{"__uuid__":"880nsw1OpELJHJgG3H52ks"},"popup-mc-leaf":{"__uuid__":"64HHM+zolPl4w63jni9MLW"},"popup-mc-penguin":{"__uuid__":"36T1yqaB9JkoOH5S4b5C6u"},"popup-map-grass":{"__uuid__":"0eZE5TgRZCFZagcl8Y1LwS"},"popup-map-ice":{"__uuid__":"a6kKzzcMBB8rwOFTHmT5vg"},"popup-bomb-blue":{"__uuid__":"7bLZG7s0xEQ6r5jvtQBA4W"},"popup-tab-selected-bomb":{"__uuid__":"90kCxDKNZNybQK8r2YdiZy"},"popup-tab-selected-mc":{"__uuid__":"ecNWervbREu6hZGBtc0B84"},"Slect Sever Button Join now":{"__uuid__":"6byiuVwL1JkqYtQEZ+1rWt"},"popup-character-name":{"__uuid__":"c3RYumYwZLX6raxpi0NAyn"},"Slect Sever Button_disable":{"__uuid__":"08Z2yaGQpLnJMi8d+e3lYm"},"popup-lable":{"__uuid__":"b10XP0QHVBYbuTHzq+YT0v"},"Slect Sever Button_hLight":{"__uuid__":"e1gi9V0NBB5JNAbbqrjR9k"},"Slect Sever Button":{"__uuid__":"7boG8fE9hPerx7Rrqrfz5k"},"popup-arrow_left":{"__uuid__":"c4GH1E4LJOQ7oVOly7UTIN"},"popup-arrow_right":{"__uuid__":"b78QOwZGpEfYydv2ssgBFc"},"Button_check":{"__uuid__":"8bzTDTOjxC1Jk5x+Mc0phq"},"Slect Sever Button_hLight01":{"__uuid__":"1aDTcIeoVEC6i4NJS3GTr6"},"popup-tab-map":{"__uuid__":"c0+uxI2FlOjI75ibVXcxg1"},"Button server":{"__uuid__":"cfTVzMR4JI8KIHqDpVekib"},"popup-box":{"__uuid__":"9d51HCjaVKp6IloLgeG2Sz"},"popup-control-type-swipe":{"__uuid__":"e6Ds2/zzFAcLyKN43R2A0A"},"popup-control-type-dpad":{"__uuid__":"cdBF3hZMtDIKA2MRkIEMi2"},"skill-fire":{"__uuid__":"382UlwBcxAjp7DeS8ZkQNT"},"skill-grass":{"__uuid__":"76/769kSFG84YxcyR+gaF5"},"button-help":{"__uuid__":"42LmnJIQxJ8J91qhB9SQlg"},"skill-ice":{"__uuid__":"bdjR1s4UNOv7dVlz7leqju"},"popup-tab-mc":{"__uuid__":"d49be+9jtO2pLCWaMdrcbX"},"button-sound-off":{"__uuid__":"17cpzNrLVMh5jVi72a9Xag"},"button-sound":{"__uuid__":"15wxHDD3xGo4BsfkH7e5b+"},"button-info":{"__uuid__":"6brBYfDK1B6qsqi9N4nNiF"},"popup-bg":{"__uuid__":"01oJ8ryfxHdK/wkkoFRSlF"},"mc-box":{"__uuid__":"fbbpxPGA1BvbTGjuzlRr/u"},"popup-mc-rabbit":{"__uuid__":"7fbW/CauRK4ITgS4gHCnj0"},"popup-control-type":{"__uuid__":"92oqBXasdFaYxcQJs+Rayn"},"popup-bomb-green":{"__uuid__":"26w/srLfBHt7zUQ1Kggp25"},"button-settings":{"__uuid__":"bdJTa804pCo7DfXlnI/PFY"},"popup-control-tick":{"__uuid__":"e1lphPzddBrJVSinlt2DPJ"},"title":{"__uuid__":"ccuKyYnDBHia7yj3seteS2"},"popup-title":{"__uuid__":"60vx+98WhDg5iBGFm4lP+f"},"greeting-bg":{"__uuid__":"b2Z/tUDGRKvYdqjze5hTYJ"},"popup-tab-selected-map":{"__uuid__":"22STpaNzpBAIYB2yi6vyvo"},"bomb-shadow":{"__uuid__":"cet090fI5BkrNkVFMWW0XR"},"popup-button-x":{"__uuid__":"53icZn+FBJCpY0mCKVBwAT"},"button-play":{"__uuid__":"2eTOK+pHRF9JjWCXgSx3AY"},"popup-bomb-red":{"__uuid__":"20NB79/IlJk7s5KpH5qdDl"},"popup-map-fire":{"__uuid__":"003THRgpdGwYLTttdfD2sd"},"popup-tab-bomb":{"__uuid__":"08cfy8ST9Hlp47XeICFFyW"}}}