{"__type__":"cc.SpriteAtlas","_spriteFrames":{"ice_003":{"__uuid__":"eckuRtAllFCqycAmm4nu3V"},"grass_004":{"__uuid__":"4eSvhdae5G1aSuLMB28D+U"},"grass_005":{"__uuid__":"30rWq3TDpJHqvB9GpO/xPZ"},"fire_002":{"__uuid__":"2152Y1UCRHrbZdNDnzvmY3"},"ice_002":{"__uuid__":"716b7RjRpBlY0zL8G2in+z"},"grass_001":{"__uuid__":"cfkyXAW/xP6aa3pQaCK+mw"},"grass_000":{"__uuid__":"1azAUO0C9BL5ya5001pfRC"},"grass_006":{"__uuid__":"38jis27B9M+7/dRyduBMhk"},"fire_006":{"__uuid__":"755y1g3aRNAJ3KxVsjmyZB"},"ice_006":{"__uuid__":"15AT7kGsNFJ6NcFo5Hhimn"},"fire_005":{"__uuid__":"12xd6jDmBPX4re41W/f1Rb"},"grass_007":{"__uuid__":"dc3bX2l/tPWYAp63Ap4XmG"},"grass":{"__uuid__":"dcCcqj1tJBDpYWUdy/ZqAl"},"ice":{"__uuid__":"9epYQuDcZCYYAnMhp+LBuA"},"fire":{"__uuid__":"54TRpf9ktFu7Qz35hLvVFT"},"ice_005":{"__uuid__":"13NaLMqTpM9pGPEs3EVenn"},"grass_003":{"__uuid__":"41+lng+aBMJqmRhpMFRkLf"},"fire_004":{"__uuid__":"75jRYhC7pE0ak4JU0e8y7h"},"fire_001":{"__uuid__":"67PDbTIwJOcovlF0Y4Bk7N"},"ice_001":{"__uuid__":"54prqFoONP6IqYZMHPZSzS"},"ice_004":{"__uuid__":"26bNd1sCJPE5mHjPDsOSuq"},"grass_002":{"__uuid__":"6cD9nxezVKlbLFhFWPsxn8"},"fire_007":{"__uuid__":"f641Q5//JEK6izkFM7A9pk"},"ice_007":{"__uuid__":"e2brpuKmNNTaTbjPzFbT6T"},"fire_003":{"__uuid__":"62Z6avul5IxJ9PjbF5rylC"},"fire_000":{"__uuid__":"5cy2F4fMJMHpJGLpUb6elk"},"ice_000":{"__uuid__":"25VemRsf9FPp7+EPC3kMB9"}}}